ID zariadenia;Zákazník;Segment;Kraj;Typ zariadenia;Výrobca;Typové označenie;Dátum inštalácie;Záruka do;Prevádzkové hodiny;Menovitý tlak (bar);Prietok (l/min);Príkon (kW);Dátum posledného servisu;Typ posledného zásahu;Teplota oleja (°C);Čistota oleja (ISO 4406);Havarijné zásahy za 24 mes.;Náklady na diely za 24 mes. (EUR);Stav zariadenia
HYT-2001;Bukoza Plus a.s.;Drevospracujúci;Košický;Generátor dusíka;AXIOMA;AX-PP-67A;22.09.2014;21.09.2016;28895;12;25;23.0;31.01.2025;Havarijná oprava;;nemerané;2;1847,29;Na vyradenie
HYT-2002;Papierne Sever a.s.;Ostatné;Žilinský;Pneumatický ovládací panel;HYDROMET;HY-AT-83C;27.06.2021;26.06.2024;6985;8;970;22.0;28.11.2025;Preventívna prehliadka;;nemerané;0;832,09;V prevádzke
HYT-2003;Drevona Industry, a.s.;Drevospracujúci;Žilinský;Generátor dusíka;FLUIDMAX;FL-PC-63E;25.09.2016;25.09.2018;15802;12;25;21.2;09.05.2025;Havarijná oprava;;nemerané;1;1351,31;V prevádzke
HYT-2004;Zvárané konštrukcie SK s.r.o.;Strojárstvo;Trnavský;Chladič kvapalín;AXIOMA;AX-NG-96D;20.08.2025;19.08.2029;1428;6;85;43.4;01.05.2026;Havarijná oprava;54;19/17/14;0;495,53;V prevádzke
HYT-2005;Plastika Nitra s.r.o.;Ostatné;Nitriansky;Chladič kvapalín;FLUIDMAX;FL-FL-72C;09.03.2017;08.03.2020;17518;16;316;32.3;14.09.2026;Preventívna prehliadka;85;20/18/15;4;3698,07;V prevádzke
HYT-2006;Mobis Parts SK s.r.o.;Automotive;Žilinský;Filtračná stanica;HYDROMET;HY-GP-64G;27.09.2015;26.09.2019;24262;16;302;4.7;15.06.2026;Havarijná oprava;80;nemerané;1;795,50;V prevádzke
HYT-2007;Recykling SK s.r.o.;Ostatné;Košický;Pneumatický ovládací panel;iné / neznámy;IN-GP-41A;24.03.2020;24.03.2023;9972;7;1730;19.1;23.09.2026;Havarijná oprava;;16/14/11;0;0,00;V prevádzke
HYT-2008;Bioplyn Juh s.r.o.;Energetika;Nitriansky;Hydraulický agregát lisu;HYDROMET;HY-FL-98E;07.03.2020;07.03.2023;7639;250;174;44.8;14.03.2025;Preventívna prehliadka;50;nemerané;0;0,00;V prevádzke
HYT-2009;PotravinaSK a.s.;Potravinárstvo;Nitriansky;Hydraulický agregát píly;FLUIDMAX;FL-PC-13A;12.08.2022;11.08.2024;9232;315;103;40.0;07.06.2026;Havarijná oprava;49;17/15/12;0;1092,49;V prevádzke
HYT-2010;Metalform Považie a.s.;Strojárstvo;Trenčiansky;Pneumatický ovládací panel;FLUIDMAX;FL-AT-18E;24.05.2019;23.05.2022;10698;6;1219;21.0;26.01.2025;Havarijná oprava;;17/15/12;1;672,24;V prevádzke
HYT-2011;Pivovar Šariš Trade s.r.o.;Potravinárstvo;Prešovský;Hydraulický agregát lisu;FLUIDMAX;FL-FL-27B;25.04.2022;24.04.2024;8879;160;140;65.6;01.12.2024;Diagnostika a meranie;57;19/17/14;0;303,02;V prevádzke
HYT-2012;Papierne Sever a.s.;Ostatné;Žilinský;Čerpadlová jednotka;FLUIDMAX;FL-FL-77G;30.08.2016;29.08.2020;16177;160;123;25.6;25.07.2025;Preventívna prehliadka;58;19/17/14;0;605,20;V prevádzke
HYT-2013;Lisovňa Nitra s.r.o.;Automotive;Nitriansky;Hydraulický agregát píly;PNEUTECH;PN-PC-78B;05.01.2021;05.01.2023;14461;280;109;33.0;28.09.2025;Havarijná oprava;55;nemerané;2;720,47;V prevádzke
HYT-2014;Bukoza Plus a.s.;Drevospracujúci;Košický;Hydraulický zdvíhací stôl;HYDROMET;HY-FL-50C;24.05.2021;23.05.2025;7502;250;167;13.4;24.07.2026;Výmena filtračnej vložky;59;17/15/12;0;333,51;V prevádzke
HYT-2015;Teplárne Stred a.s.;Energetika;Banskobystrický;Hydraulický agregát píly;FLUIDMAX;FL-PP-97E;23.02.2019;22.02.2021;10214;160;28;33.2;17.06.2026;Preventívna prehliadka;60;21/19/16;1;1057,89;V prevádzke
HYT-2016;Teplárne Stred a.s.;Energetika;Banskobystrický;Generátor dusíka;FLUIDMAX;FL-PC-74F;23.12.2015;22.12.2019;21156;12;25;6.7;31.10.2024;Výmena filtračnej vložky;;nemerané;0;1033,38;V prevádzke
HYT-2017;Lisovňa Nitra s.r.o.;Automotive;Nitriansky;Rozvod stlačeného vzduchu;FLUIDMAX;FL-PP-79C;19.03.2018;18.03.2020;18355;10;248;7.3;23.11.2025;Výmena filtračnej vložky;;nemerané;1;92,26;V prevádzke
HYT-2018;Mobis Parts SK s.r.o.;Automotive;Žilinský;Chladič kvapalín;FLUIDMAX;FL-AT-38G;05.09.2023;04.09.2025;5997;6;79;8.3;08.02.2025;Preventívna prehliadka;62;18/16/13;0;27,81;V prevádzke
HYT-2019;AutoDiel Trnava s.r.o.;Automotive;Trnavský;Čerpadlová jednotka;AXIOMA;AX-AT-75G;20.04.2017;19.04.2020;21138;210;30;5.2;21.12.2024;Diagnostika a meranie;75;20/18/15;3;2240,81;V prevádzke
HYT-2020;Lisovňa Nitra s.r.o.;Automotive;Nitriansky;Generátor dusíka;AXIOMA;AX-FL-45C;31.01.2019;30.01.2021;15472;8;25;36.3;11.08.2025;Havarijná oprava;;20/18/15;3;2467,33;V prevádzke
HYT-2021;Mobis Parts SK s.r.o.;Automotive;Žilinský;Generátor dusíka;FLUIDMAX;FL-AT-62G;10.12.2015;09.12.2019;24638;12;25;15.3;26.09.2025;Výmena filtračnej vložky;;nemerané;1;1924,12;V prevádzke
HYT-2022;Tatrawood s.r.o.;Drevospracujúci;Prešovský;Čerpadlová jednotka;FLUIDMAX;FL-PC-92F;04.11.2017;03.11.2021;19083;210;50;74.9;14.02.2025;Preventívna prehliadka;52;19/17/14;1;610,51;Odstavené
HYT-2023;KOVO Press Slovakia a.s.;Automotive;Trenčiansky;Chladič kvapalín;FLUIDMAX;FL-AT-90A;08.01.2023;07.01.2026;5470;10;218;4.7;18.03.2025;Havarijná oprava;76;20/18/15;2;1957,82;V prevádzke
HYT-2024;Bioplyn Juh s.r.o.;Energetika;Nitriansky;Pneumatický ovládací panel;iné / neznámy;IN-CH-37E;24.03.2018;23.03.2022;10146;6;567;8.0;04.12.2024;Výmena filtračnej vložky;;nemerané;2;2077,26;V prevádzke
HYT-2025;AutoDiel Trnava s.r.o.;Automotive;Trnavský;Hydraulický zdvíhací stôl;AXIOMA;AX-CH-97G;14.05.2023;13.05.2025;8712;280;52;66.1;02.10.2025;Havarijná oprava;49;17/15/12;0;0,00;V prevádzke
HYT-2026;TechnoMach Prievidza s.r.o.;Strojárstvo;Trenčiansky;Hydraulický zdvíhací stôl;FLUIDMAX;FL-GP-35G;27.08.2024;27.08.2026;4763;250;92;57.5;20.11.2024;Výmena filtračnej vložky;49;17/15/12;0;365,14;V prevádzke
HYT-2027;TechnoMach Prievidza s.r.o.;Strojárstvo;Trenčiansky;Chladiaci okruh oleja;PNEUTECH;PN-AT-44B;21.05.2018;20.05.2021;13353;16;255;11.9;22.10.2025;Havarijná oprava;62;21/19/16;2;1906,85;V prevádzke
HYT-2028;Mliekareň Zvolen s.r.o.;Potravinárstvo;Banskobystrický;Čerpadlová jednotka;AXIOMA;AX-PC-95G;10.06.2023;09.06.2026;4630;280;127;32.4;05.05.2025;Výmena filtračnej vložky;54;17/15/12;0;480,90;V prevádzke
HYT-2029;Hutné centrum Košice s.r.o.;Strojárstvo;Košický;Chladič kvapalín;FLUIDMAX;FL-PP-14G;22.04.2018;21.04.2021;8460;10;148;3.4;26.07.2025;Výmena filtračnej vložky;75;19/17/14;0;643,62;V prevádzke
HYT-2030;Seating Systems a.s.;Automotive;Bratislavský;Hydraulický agregát píly;HYDROMET;HY-GP-69B;06.03.2020;06.03.2023;6112;210;142;40.6;12.09.2026;Lisovanie hadíc na mieste;52;18/16/13;0;287,05;V prevádzke
HYT-2031;Bioplyn Juh s.r.o.;Energetika;Nitriansky;Čerpadlová jednotka;HYDROMET;HY-CH-53C;24.04.2024;23.04.2028;3920;315;175;43.7;16.04.2025;Lisovanie hadíc na mieste;60;17/15/12;0;1300,23;V prevádzke
HYT-2032;Mliekareň Zvolen s.r.o.;Potravinárstvo;Banskobystrický;Hydraulický zdvíhací stôl;AXIOMA;AX-PP-62G;02.04.2015;01.04.2018;26749;160;150;13.5;12.09.2025;Preventívna prehliadka;71;20/18/15;2;1257,29;Na vyradenie
HYT-2033;Pílová Orava s.r.o.;Drevospracujúci;Žilinský;Chladič kvapalín;HYDROMET;HY-FL-59F;04.07.2019;03.07.2022;14111;16;327;28.0;25.02.2025;Havarijná oprava;75;20/18/15;2;1612,04;Obmedzená prevádzka
HYT-2034;Bukoza Plus a.s.;Drevospracujúci;Košický;Hydraulický zdvíhací stôl;iné / neznámy;IN-CH-93D;22.07.2025;21.07.2028;1563;280;155;64.7;11.05.2025;Preventívna prehliadka;76;17/15/12;2;1104,23;V prevádzke
HYT-2035;Hutné centrum Košice s.r.o.;Strojárstvo;Košický;Hydraulický zdvíhací stôl;HYDROMET;HY-AT-55B;18.12.2021;18.12.2023;9243;210;61;13.3;19.08.2026;Havarijná oprava;75;20/18/15;3;2397,46;Odstavené
HYT-2036;TechnoMach Prievidza s.r.o.;Strojárstvo;Trenčiansky;Čerpadlová jednotka;FLUIDMAX;FL-GP-51B;31.12.2024;31.12.2026;3596;280;150;68.8;21.06.2026;Havarijná oprava;39;17/15/12;0;299,61;V prevádzke
HYT-2037;Plastika Nitra s.r.o.;Ostatné;Nitriansky;Chladič kvapalín;FLUIDMAX;FL-NG-37C;13.01.2026;13.01.2028;758;16;191;16.8;13.11.2024;Havarijná oprava;61;18/16/13;0;508,15;V prevádzke
HYT-2038;KOVO Press Slovakia a.s.;Automotive;Trenčiansky;Chladič kvapalín;iné / neznámy;IN-PC-20C;27.09.2016;27.09.2019;16825;10;167;43.7;22.06.2026;Havarijná oprava;84;20/18/15;2;1475,63;V prevádzke
HYT-2039;Plastika Nitra s.r.o.;Ostatné;Nitriansky;Hydraulický zdvíhací stôl;HYDROMET;HY-FL-68C;15.08.2023;14.08.2025;3899;280;73;67.9;13.12.2024;Výmena filtračnej vložky;56;18/16/13;0;287,46;V prevádzke
HYT-2040;Hydinárne Východ a.s.;Potravinárstvo;Prešovský;Pneumatický ovládací panel;iné / neznámy;IN-NG-54E;17.10.2023;16.10.2025;5474;8;1133;9.2;06.11.2024;Diagnostika a meranie;;nemerané;1;1053,86;V prevádzke
HYT-2041;Metalform Považie a.s.;Strojárstvo;Trenčiansky;Chladič kvapalín;iné / neznámy;IN-FL-12B;05.01.2020;04.01.2023;6490;16;81;6.0;12.02.2025;Lisovanie hadíc na mieste;54;19/17/14;0;776,46;V prevádzke
HYT-2042;Mliekareň Zvolen s.r.o.;Potravinárstvo;Banskobystrický;Čerpadlová jednotka;FLUIDMAX;FL-NG-98B;01.06.2017;01.06.2019;11068;250;29;73.0;16.10.2025;Výmena filtračnej vložky;55;18/16/13;0;213,82;V prevádzke
HYT-2043;Pivovar Šariš Trade s.r.o.;Potravinárstvo;Prešovský;Chladiaci okruh oleja;AXIOMA;AX-NG-14E;12.03.2019;11.03.2022;7331;6;364;10.7;30.03.2025;Preventívna prehliadka;59;17/15/12;1;1081,07;Odstavené
HYT-2044;TechnoMach Prievidza s.r.o.;Strojárstvo;Trenčiansky;Čerpadlová jednotka;FLUIDMAX;FL-PC-23G;01.03.2019;28.02.2022;16719;315;31;29.1;13.02.2026;Diagnostika a meranie;55;18/16/13;0;0,00;V prevádzke
HYT-2045;Strojáreň Martin a.s.;Strojárstvo;Žilinský;Rozvod stlačeného vzduchu;iné / neznámy;IN-NG-80F;21.09.2020;21.09.2022;5947;7;1274;7.0;17.08.2026;Preventívna prehliadka;;nemerané;0;794,32;V prevádzke
HYT-2046;Tatrawood s.r.o.;Drevospracujúci;Prešovský;Generátor dusíka;iné / neznámy;IN-NG-43A;24.09.2015;23.09.2019;21729;8;6;26.0;22.06.2026;Preventívna prehliadka;;nemerané;0;1540,45;V prevádzke
HYT-2047;Plastika Nitra s.r.o.;Ostatné;Nitriansky;Chladič kvapalín;FLUIDMAX;FL-GP-31B;12.11.2020;12.11.2023;13499;16;240;12.6;03.03.2025;Preventívna prehliadka;73;17/15/12;0;465,16;V prevádzke
HYT-2048;KOVO Press Slovakia a.s.;Automotive;Trenčiansky;Chladič kvapalín;FLUIDMAX;FL-AT-51B;23.08.2018;22.08.2021;11140;16;395;10.1;20.02.2025;Výmena filtračnej vložky;67;20/18/15;2;1870,28;V prevádzke
HYT-2049;Zvárané konštrukcie SK s.r.o.;Strojárstvo;Trnavský;Chladič kvapalín;FLUIDMAX;FL-PP-58B;03.03.2026;02.03.2029;610;16;314;29.4;26.01.2025;Preventívna prehliadka;67;17/15/12;0;318,21;V prevádzke
HYT-2050;PotravinaSK a.s.;Potravinárstvo;Nitriansky;Hydraulický zdvíhací stôl;HYDROMET;HY-NG-24A;05.03.2022;04.03.2025;9923;160;32;28.3;29.05.2025;Výmena filtračnej vložky;58;21/19/16;1;1584,23;Obmedzená prevádzka
HYT-2051;AutoDiel Trnava s.r.o.;Automotive;Trnavský;Hydraulický agregát lisu;AXIOMA;AX-PC-18G;24.03.2019;23.03.2021;11985;250;30;35.5;30.01.2025;Havarijná oprava;65;17/15/12;2;1628,69;V prevádzke
HYT-2052;Pivovar Šariš Trade s.r.o.;Potravinárstvo;Prešovský;Filtračná stanica;FLUIDMAX;FL-GP-98F;30.03.2016;30.03.2019;13935;25;398;3.7;23.08.2026;Preventívna prehliadka;81;20/18/15;3;1978,62;Na vyradenie
HYT-2053;Mliekareň Zvolen s.r.o.;Potravinárstvo;Banskobystrický;Čerpadlová jednotka;HYDROMET;HY-FL-48A;18.01.2021;18.01.2024;6374;250;162;32.0;28.12.2025;Havarijná oprava;47;18/16/13;3;2002,51;V prevádzke
HYT-2054;Recykling SK s.r.o.;Ostatné;Košický;Hydraulický zdvíhací stôl;PNEUTECH;PN-GP-98F;20.06.2019;19.06.2021;17049;315;57;35.6;17.08.2026;Výmena filtračnej vložky;65;19/17/14;1;482,53;V prevádzke
HYT-2055;Hutné centrum Košice s.r.o.;Strojárstvo;Košický;Chladič kvapalín;FLUIDMAX;FL-PC-13A;08.11.2014;07.11.2017;27525;10;259;25.1;16.09.2025;Výmena filtračnej vložky;57;21/19/16;2;2236,20;V prevádzke
HYT-2056;Seating Systems a.s.;Automotive;Bratislavský;Chladiaci okruh oleja;FLUIDMAX;FL-NG-40C;17.05.2017;16.05.2020;24333;6;282;24.5;12.08.2025;Preventívna prehliadka;71;21/19/16;2;783,64;V prevádzke
HYT-2057;PotravinaSK a.s.;Potravinárstvo;Nitriansky;Hydraulický agregát lisu;FLUIDMAX;FL-PP-54B;18.09.2024;18.09.2027;4109;280;130;11.1;14.05.2025;Havarijná oprava;66;20/18/15;0;0,42;V prevádzke
HYT-2058;AutoDiel Trnava s.r.o.;Automotive;Trnavský;Pneumatický ovládací panel;AXIOMA;AX-CH-22A;21.12.2023;20.12.2027;6259;10;1743;20.9;28.06.2025;Havarijná oprava;;nemerané;0;983,14;V prevádzke
HYT-2059;Strojáreň Martin a.s.;Strojárstvo;Žilinský;Čerpadlová jednotka;FLUIDMAX;FL-CH-19D;30.08.2024;30.08.2027;4405;315;88;34.1;13.11.2025;Preventívna prehliadka;52;17/15/12;1;1254,61;V prevádzke
HYT-2060;Vodohospodár Západ a.s.;Energetika;Bratislavský;Hydraulický agregát píly;AXIOMA;AX-NG-47D;11.04.2020;11.04.2023;10522;315;173;26.1;20.08.2026;Diagnostika a meranie;61;20/18/15;0;777,56;V prevádzke
HYT-2061;Recykling SK s.r.o.;Ostatné;Košický;Filtračná stanica;FLUIDMAX;FL-PP-94C;18.04.2016;18.04.2018;15766;25;238;7.2;16.01.2025;Diagnostika a meranie;82;nemerané;1;799,15;Odstavené
HYT-2062;Pivovar Šariš Trade s.r.o.;Potravinárstvo;Prešovský;Rozvod stlačeného vzduchu;AXIOMA;AX-PC-71A;06.10.2017;06.10.2019;22991;10;1747;15.4;22.09.2025;Preventívna prehliadka;;nemerané;0;0,00;V prevádzke
HYT-2063;Hydinárne Východ a.s.;Potravinárstvo;Prešovský;Rozvod stlačeného vzduchu;AXIOMA;AX-PC-89E;07.09.2025;06.09.2028;1936;6;437;17.3;03.01.2026;Havarijná oprava;;nemerané;2;1891,04;V prevádzke
HYT-2064;TechnoMach Prievidza s.r.o.;Strojárstvo;Trenčiansky;Hydraulický agregát píly;HYDROMET;HY-PP-27D;25.12.2024;25.12.2027;1970;280;83;12.3;28.01.2025;Výmena filtračnej vložky;63;nemerané;1;864,06;V prevádzke
HYT-2065;Hutné centrum Košice s.r.o.;Strojárstvo;Košický;Hydraulický agregát lisu;HYDROMET;HY-FL-62G;07.10.2019;06.10.2022;17236;315;137;17.5;23.03.2025;Preventívna prehliadka;78;18/16/13;0;273,88;V prevádzke
HYT-2066;Zvárané konštrukcie SK s.r.o.;Strojárstvo;Trnavský;Pneumatický ovládací panel;AXIOMA;AX-CH-13A;28.11.2022;27.11.2024;5334;6;463;10.3;05.04.2025;Uvedenie do prevádzky;;nemerané;1;1088,18;V prevádzke
HYT-2067;Mobis Parts SK s.r.o.;Automotive;Žilinský;Pneumatický ovládací panel;FLUIDMAX;FL-FL-19F;21.02.2018;20.02.2021;21899;6;951;13.3;08.03.2026;Havarijná oprava;;nemerané;1;1456,29;V prevádzke
HYT-2068;Seating Systems a.s.;Automotive;Bratislavský;Pneumatický ovládací panel;AXIOMA;AX-AT-86B;12.02.2023;11.02.2025;4194;8;1599;4.0;17.09.2025;Preventívna prehliadka;;nemerané;1;1082,59;V prevádzke
HYT-2069;Bioplyn Juh s.r.o.;Energetika;Nitriansky;Filtračná stanica;HYDROMET;HY-AT-63A;05.02.2025;04.02.2029;2454;10;221;4.1;10.06.2026;Preventívna prehliadka;63;nemerané;0;757,10;V prevádzke
HYT-2070;Zvárané konštrukcie SK s.r.o.;Strojárstvo;Trnavský;Generátor dusíka;FLUIDMAX;FL-CH-22C;08.04.2023;07.04.2025;8616;10;12;8.3;05.11.2025;Preventívna prehliadka;;nemerané;0;1254,06;V prevádzke
HYT-2071;Zvárané konštrukcie SK s.r.o.;Strojárstvo;Trnavský;Chladič kvapalín;PNEUTECH;PN-FL-91E;15.09.2018;14.09.2022;17439;6;81;18.0;11.07.2025;Preventívna prehliadka;72;22/20/17;3;2497,94;Obmedzená prevádzka
HYT-2072;Hydinárne Východ a.s.;Potravinárstvo;Prešovský;Rozvod stlačeného vzduchu;AXIOMA;AX-CH-25B;22.05.2024;22.05.2026;3862;6;1516;13.8;06.08.2025;Preventívna prehliadka;;19/17/14;0;1100,66;Odstavené
HYT-2073;Strojáreň Martin a.s.;Strojárstvo;Žilinský;Chladiaci okruh oleja;AXIOMA;AX-FL-48B;18.12.2019;17.12.2021;11417;16;64;8.1;04.12.2024;Preventívna prehliadka;58;19/17/14;0;718,20;V prevádzke
HYT-2074;PotravinaSK a.s.;Potravinárstvo;Nitriansky;Rozvod stlačeného vzduchu;FLUIDMAX;FL-AT-40F;03.06.2016;02.06.2020;16887;6;1012;9.2;10.05.2025;Preventívna prehliadka;;nemerané;0;226,84;V prevádzke
HYT-2075;Recykling SK s.r.o.;Ostatné;Košický;Generátor dusíka;AXIOMA;AX-AT-47F;03.11.2021;02.11.2024;5975;10;6;12.4;11.08.2026;Lisovanie hadíc na mieste;;20/18/15;0;1727,99;V prevádzke
HYT-2076;Pílová Orava s.r.o.;Drevospracujúci;Žilinský;Hydraulický agregát lisu;FLUIDMAX;FL-FL-50B;15.10.2015;14.10.2018;22824;160;124;67.1;11.12.2025;Havarijná oprava;68;22/20/17;2;1870,23;V prevádzke
HYT-2077;Lisovňa Nitra s.r.o.;Automotive;Nitriansky;Hydraulický zdvíhací stôl;HYDROMET;HY-PC-44D;25.11.2025;24.11.2028;2077;315;95;59.1;09.07.2026;Výmena filtračnej vložky;58;nemerané;0;0,00;V prevádzke
HYT-2078;Drevona Industry, a.s.;Drevospracujúci;Žilinský;Čerpadlová jednotka;FLUIDMAX;FL-PP-85A;14.02.2024;13.02.2028;4019;315;26;56.4;21.12.2024;Preventívna prehliadka;63;16/14/11;1;1078,86;V prevádzke
HYT-2079;TechnoMach Prievidza s.r.o.;Strojárstvo;Trenčiansky;Hydraulický agregát lisu;FLUIDMAX;FL-PP-63F;16.09.2022;15.09.2025;5016;210;34;30.5;21.06.2025;Výmena filtračnej vložky;47;16/14/11;0;301,45;V prevádzke
HYT-2080;Pivovar Šariš Trade s.r.o.;Potravinárstvo;Prešovský;Hydraulický agregát píly;PNEUTECH;PN-NG-35G;08.05.2019;07.05.2022;9658;160;45;4.4;15.11.2025;Preventívna prehliadka;61;19/17/14;1;1299,36;V prevádzke
HYT-2081;TechnoMach Prievidza s.r.o.;Strojárstvo;Trenčiansky;Hydraulický agregát píly;PNEUTECH;PN-PC-67D;27.02.2015;26.02.2017;17078;250;70;61.8;30.06.2025;Preventívna prehliadka;74;17/15/12;3;2153,28;V prevádzke
HYT-2082;Drevona Industry, a.s.;Drevospracujúci;Žilinský;Generátor dusíka;HYDROMET;HY-AT-22E;26.04.2022;25.04.2026;9344;8;6;24.2;23.07.2026;Výmena filtračnej vložky;;nemerané;1;1752,01;Na vyradenie
HYT-2083;Strojáreň Martin a.s.;Strojárstvo;Žilinský;Hydraulický agregát píly;FLUIDMAX;FL-GP-52A;07.07.2023;06.07.2025;7383;315;178;11.5;10.10.2025;Preventívna prehliadka;63;18/16/13;1;669,72;V prevádzke
HYT-2084;Pivovar Šariš Trade s.r.o.;Potravinárstvo;Prešovský;Pneumatický ovládací panel;FLUIDMAX;FL-NG-43B;01.12.2022;30.11.2025;7240;7;721;12.8;14.06.2025;Výmena filtračnej vložky;;nemerané;0;1384,52;V prevádzke
HYT-2085;Recykling SK s.r.o.;Ostatné;Košický;Rozvod stlačeného vzduchu;FLUIDMAX;FL-GP-90B;22.10.2022;21.10.2026;8989;6;1549;19.1;01.04.2025;Výmena filtračnej vložky;;nemerané;0;330,89;V prevádzke
HYT-2086;Drevona Industry, a.s.;Drevospracujúci;Žilinský;Filtračná stanica;FLUIDMAX;FL-FL-76E;18.07.2022;17.07.2026;5383;16;92;6.1;24.07.2026;Výmena filtračnej vložky;61;20/18/15;1;900,12;V prevádzke
HYT-2087;Papierne Sever a.s.;Ostatné;Žilinský;Chladič kvapalín;FLUIDMAX;FL-GP-92D;04.07.2019;03.07.2021;10372;10;334;5.3;25.03.2026;Havarijná oprava;58;18/16/13;0;0,00;V prevádzke
HYT-2088;Metalform Považie a.s.;Strojárstvo;Trenčiansky;Čerpadlová jednotka;PNEUTECH;PN-GP-37E;28.04.2017;28.04.2019;18787;210;49;52.9;05.10.2025;Havarijná oprava;73;21/19/16;3;2543,10;V prevádzke
HYT-2089;Pivovar Šariš Trade s.r.o.;Potravinárstvo;Prešovský;Hydraulický zdvíhací stôl;FLUIDMAX;FL-AT-72A;14.09.2018;13.09.2020;10800;210;150;25.0;18.09.2025;Preventívna prehliadka;69;20/18/15;2;1797,34;V prevádzke
HYT-2090;Recykling SK s.r.o.;Ostatné;Košický;Pneumatický ovládací panel;FLUIDMAX;FL-FL-12G;04.06.2023;03.06.2025;7305;8;663;6.3;05.03.2025;Havarijná oprava;;nemerané;0;0,00;V prevádzke
HYT-2091;Bukoza Plus a.s.;Drevospracujúci;Košický;Generátor dusíka;FLUIDMAX;FL-PP-20C;10.10.2023;09.10.2026;3064;8;25;34.9;16.04.2026;Preventívna prehliadka;;nemerané;0;1294,03;Odstavené
HYT-2092;Hutné centrum Košice s.r.o.;Strojárstvo;Košický;Čerpadlová jednotka;AXIOMA;AX-GP-57G;31.07.2020;31.07.2022;14021;210;98;12.2;07.08.2025;Výmena filtračnej vložky;68;19/17/14;0;0,00;V prevádzke
HYT-2093;AutoDiel Trnava s.r.o.;Automotive;Trnavský;Hydraulický agregát píly;PNEUTECH;PN-CH-31C;09.04.2023;08.04.2025;4166;210;158;66.9;27.03.2025;Havarijná oprava;41;17/15/12;1;744,96;V prevádzke
HYT-2094;Pivovar Šariš Trade s.r.o.;Potravinárstvo;Prešovský;Chladič kvapalín;HYDROMET;HY-NG-61D;08.10.2019;07.10.2021;9321;10;280;14.3;19.12.2024;Havarijná oprava;81;20/18/15;2;2296,08;V prevádzke
HYT-2095;Tatrawood s.r.o.;Drevospracujúci;Prešovský;Filtračná stanica;PNEUTECH;PN-NG-96E;24.09.2015;23.09.2017;14112;10;280;5.7;16.06.2025;Havarijná oprava;75;20/18/15;2;1487,35;Na vyradenie
HYT-2096;KOVO Press Slovakia a.s.;Automotive;Trenčiansky;Rozvod stlačeného vzduchu;AXIOMA;AX-GP-63D;06.05.2015;05.05.2018;12384;10;776;6.7;09.08.2026;Havarijná oprava;;nemerané;2;2090,30;V prevádzke
HYT-2097;Papierne Sever a.s.;Ostatné;Žilinský;Hydraulický agregát lisu;AXIOMA;AX-GP-33A;26.06.2017;25.06.2021;17673;280;115;9.7;09.08.2026;Výmena filtračnej vložky;55;21/19/16;2;1661,40;V prevádzke
HYT-2098;Teplárne Stred a.s.;Energetika;Banskobystrický;Chladič kvapalín;PNEUTECH;PN-GP-31G;04.01.2017;03.01.2021;14264;16;375;23.9;30.04.2025;Havarijná oprava;58;17/15/12;0;638,81;V prevádzke
HYT-2099;Drevona Industry, a.s.;Drevospracujúci;Žilinský;Pneumatický ovládací panel;FLUIDMAX;FL-PC-44B;29.03.2024;29.03.2027;6346;7;1465;12.2;30.04.2026;Preventívna prehliadka;;20/18/15;1;189,03;V prevádzke
HYT-2100;Pílová Orava s.r.o.;Drevospracujúci;Žilinský;Pneumatický ovládací panel;HYDROMET;HY-PC-37G;29.01.2020;28.01.2023;16606;10;755;5.8;26.05.2025;Havarijná oprava;;nemerané;3;2488,06;V prevádzke
HYT-2101;PotravinaSK a.s.;Potravinárstvo;Nitriansky;Filtračná stanica;FLUIDMAX;FL-NG-85B;13.05.2017;12.05.2020;10573;16;168;1.5;11.07.2026;Havarijná oprava;72;21/19/16;3;2019,68;V prevádzke
HYT-2102;KOVO Press Slovakia a.s.;Automotive;Trenčiansky;Pneumatický ovládací panel;PNEUTECH;PN-FL-57B;08.04.2021;07.04.2025;6689;6;552;19.5;06.11.2024;Preventívna prehliadka;;16/14/11;0;451,69;V prevádzke
HYT-2103;Bioplyn Juh s.r.o.;Energetika;Nitriansky;Čerpadlová jednotka;FLUIDMAX;FL-AT-43C;10.08.2019;09.08.2021;10511;250;151;44.4;24.10.2025;Preventívna prehliadka;52;17/15/12;0;450,98;V prevádzke
HYT-2104;Drevona Industry, a.s.;Drevospracujúci;Žilinský;Hydraulický agregát píly;FLUIDMAX;FL-NG-90C;18.10.2017;17.10.2021;22526;250;130;6.3;06.12.2025;Preventívna prehliadka;58;20/18/15;2;2116,85;V prevádzke
HYT-2105;Plastika Nitra s.r.o.;Ostatné;Nitriansky;Chladič kvapalín;FLUIDMAX;FL-PP-87C;30.10.2019;29.10.2023;7605;6;117;11.7;25.08.2026;Diagnostika a meranie;70;22/20/17;1;1465,64;V prevádzke
HYT-2106;Vodohospodár Západ a.s.;Energetika;Bratislavský;Hydraulický zdvíhací stôl;FLUIDMAX;FL-CH-95B;09.11.2025;09.11.2027;897;315;111;54.6;11.06.2026;Lisovanie hadíc na mieste;56;nemerané;0;523,19;Obmedzená prevádzka
HYT-2107;Bioplyn Juh s.r.o.;Energetika;Nitriansky;Čerpadlová jednotka;HYDROMET;HY-CH-41A;02.02.2025;02.02.2027;2483;315;34;64.6;09.03.2025;Uvedenie do prevádzky;64;21/19/16;3;2418,32;V prevádzke
HYT-2108;PotravinaSK a.s.;Potravinárstvo;Nitriansky;Čerpadlová jednotka;FLUIDMAX;FL-CH-75A;14.01.2021;14.01.2023;11379;315;138;44.2;02.12.2025;Preventívna prehliadka;39;17/15/12;0;243,35;V prevádzke
HYT-2109;Mliekareň Zvolen s.r.o.;Potravinárstvo;Banskobystrický;Hydraulický zdvíhací stôl;FLUIDMAX;FL-NG-37C;16.12.2014;15.12.2016;25300;250;118;41.1;23.10.2025;Havarijná oprava;66;20/18/15;3;2745,60;Na vyradenie
HYT-2110;Drevona Industry, a.s.;Drevospracujúci;Žilinský;Generátor dusíka;FLUIDMAX;FL-AT-36B;07.05.2021;06.05.2024;9405;10;6;18.4;28.11.2024;Havarijná oprava;;nemerané;0;835,13;V prevádzke
HYT-2111;Pílová Orava s.r.o.;Drevospracujúci;Žilinský;Pneumatický ovládací panel;AXIOMA;AX-PP-78A;16.05.2024;16.05.2027;3034;6;1207;7.1;03.11.2024;Výmena filtračnej vložky;;nemerané;0;0,00;V prevádzke
HYT-2112;PotravinaSK a.s.;Potravinárstvo;Nitriansky;Filtračná stanica;FLUIDMAX;FL-AT-56C;15.07.2016;15.07.2018;24944;10;209;1.4;02.02.2026;Havarijná oprava;60;20/18/15;2;1330,24;V prevádzke
HYT-2113;Recykling SK s.r.o.;Ostatné;Košický;Rozvod stlačeného vzduchu;iné / neznámy;IN-PP-31G;21.09.2023;20.09.2027;3036;10;1762;8.7;11.12.2025;Výmena filtračnej vložky;;nemerané;0;407,18;V prevádzke
HYT-2114;AutoDiel Trnava s.r.o.;Automotive;Trnavský;Hydraulický agregát lisu;FLUIDMAX;FL-NG-75C;08.03.2020;07.03.2024;9669;250;166;5.6;31.10.2024;Havarijná oprava;47;18/16/13;0;826,61;V prevádzke
HYT-2115;Teplárne Stred a.s.;Energetika;Banskobystrický;Hydraulický zdvíhací stôl;AXIOMA;AX-GP-95F;04.03.2017;04.03.2019;16596;280;163;65.7;07.09.2025;Havarijná oprava;65;20/18/15;3;2677,04;V prevádzke
HYT-2116;Papierne Sever a.s.;Ostatné;Žilinský;Rozvod stlačeného vzduchu;AXIOMA;AX-AT-45A;15.02.2015;14.02.2019;17159;6;1002;19.8;17.06.2025;Preventívna prehliadka;;nemerané;1;1001,63;Na vyradenie
HYT-2117;Mobis Parts SK s.r.o.;Automotive;Žilinský;Čerpadlová jednotka;FLUIDMAX;FL-CH-70E;09.04.2024;09.04.2027;2949;210;38;18.5;08.05.2025;Havarijná oprava;60;17/15/12;0;1123,90;V prevádzke
HYT-2118;Pílová Orava s.r.o.;Drevospracujúci;Žilinský;Hydraulický agregát lisu;FLUIDMAX;FL-AT-45B;25.07.2017;24.07.2021;22221;210;79;56.5;10.12.2025;Preventívna prehliadka;36;19/17/14;0;727,62;V prevádzke
HYT-2119;Mliekareň Zvolen s.r.o.;Potravinárstvo;Banskobystrický;Hydraulický agregát píly;FLUIDMAX;FL-PC-44C;14.07.2021;13.07.2024;10323;280;73;32.7;08.07.2026;Preventívna prehliadka;54;22/20/17;1;795,69;V prevádzke
HYT-2120;AutoDiel Trnava s.r.o.;Automotive;Trnavský;Chladič kvapalín;PNEUTECH;PN-PC-36G;05.04.2015;04.04.2018;12586;6;289;14.4;15.02.2025;Havarijná oprava;67;nemerané;2;2410,92;V prevádzke
HYT-2121;Bukoza Plus a.s.;Drevospracujúci;Košický;Filtračná stanica;PNEUTECH;PN-CH-78D;15.10.2021;14.10.2024;9326;25;185;7.0;26.05.2025;Preventívna prehliadka;52;18/16/13;0;387,79;V prevádzke
HYT-2122;Pivovar Šariš Trade s.r.o.;Potravinárstvo;Prešovský;Čerpadlová jednotka;PNEUTECH;PN-GP-60G;19.08.2015;18.08.2017;28478;250;63;5.7;14.07.2026;Preventívna prehliadka;71;20/18/15;2;1974,84;V prevádzke
HYT-2123;Bioplyn Juh s.r.o.;Energetika;Nitriansky;Generátor dusíka;AXIOMA;AX-CH-54A;28.02.2018;27.02.2022;21169;8;12;31.0;12.08.2025;Havarijná oprava;;nemerané;2;3200,81;V prevádzke
HYT-2124;Vodohospodár Západ a.s.;Energetika;Bratislavský;Chladič kvapalín;FLUIDMAX;FL-PC-31B;22.10.2025;22.10.2027;1573;10;257;16.7;25.02.2026;Výmena filtračnej vložky;50;17/15/12;0;0,00;V prevádzke
HYT-2125;Pivovar Šariš Trade s.r.o.;Potravinárstvo;Prešovský;Generátor dusíka;FLUIDMAX;FL-PP-88B;16.06.2025;15.06.2029;2455;8;6;12.9;10.10.2025;Výmena filtračnej vložky;;nemerané;0;665,69;V prevádzke
HYT-2126;AutoDiel Trnava s.r.o.;Automotive;Trnavský;Pneumatický ovládací panel;FLUIDMAX;FL-AT-56E;20.12.2020;20.12.2023;8260;7;739;7.3;04.07.2026;Diagnostika a meranie;;nemerané;0;679,76;Obmedzená prevádzka
HYT-2127;Vodohospodár Západ a.s.;Energetika;Bratislavský;Chladiaci okruh oleja;HYDROMET;HY-GP-67C;26.06.2022;25.06.2026;10345;16;104;22.5;03.03.2025;Havarijná oprava;53;18/16/13;0;708,17;V prevádzke
HYT-2128;AutoDiel Trnava s.r.o.;Automotive;Trnavský;Rozvod stlačeného vzduchu;AXIOMA;AX-FL-81G;13.02.2019;12.02.2022;13635;10;307;8.2;15.11.2024;Havarijná oprava;;20/18/15;2;2344,04;V prevádzke
HYT-2129;Plastika Nitra s.r.o.;Ostatné;Nitriansky;Čerpadlová jednotka;HYDROMET;HY-CH-30D;05.08.2015;04.08.2018;23148;280;34;55.6;26.08.2025;Lisovanie hadíc na mieste;62;17/15/12;1;736,10;V prevádzke
HYT-2130;PotravinaSK a.s.;Potravinárstvo;Nitriansky;Chladiaci okruh oleja;FLUIDMAX;FL-PP-51B;14.12.2025;13.12.2028;995;6;208;32.1;07.05.2026;Preventívna prehliadka;75;16/14/11;0;719,36;Odstavené
HYT-2131;Pílová Orava s.r.o.;Drevospracujúci;Žilinský;Rozvod stlačeného vzduchu;iné / neznámy;IN-CH-79G;12.08.2018;11.08.2021;12841;8;1553;21.3;26.06.2026;Diagnostika a meranie;;nemerané;0;857,36;V prevádzke
HYT-2132;Teplárne Stred a.s.;Energetika;Banskobystrický;Chladiaci okruh oleja;AXIOMA;AX-NG-71D;01.09.2022;31.08.2026;7811;6;288;23.0;25.08.2026;Lisovanie hadíc na mieste;72;18/16/13;1;1120,30;V prevádzke
HYT-2133;PotravinaSK a.s.;Potravinárstvo;Nitriansky;Filtračná stanica;iné / neznámy;IN-GP-34D;16.01.2016;15.01.2020;14017;16;338;4.8;22.07.2026;Preventívna prehliadka;60;18/16/13;1;363,80;V prevádzke
HYT-2134;Mliekareň Zvolen s.r.o.;Potravinárstvo;Banskobystrický;Hydraulický zdvíhací stôl;FLUIDMAX;FL-AT-39D;15.09.2017;15.09.2019;10915;315;88;70.6;09.12.2025;Havarijná oprava;74;22/20/17;2;1714,30;V prevádzke
HYT-2135;Papierne Sever a.s.;Ostatné;Žilinský;Rozvod stlačeného vzduchu;HYDROMET;HY-PP-50C;17.12.2021;17.12.2023;12137;8;726;9.6;23.04.2025;Výmena filtračnej vložky;;nemerané;1;1038,04;V prevádzke
HYT-2136;Drevona Industry, a.s.;Drevospracujúci;Žilinský;Filtračná stanica;AXIOMA;AX-NG-39D;06.11.2017;06.11.2019;10741;16;338;4.2;14.11.2024;Preventívna prehliadka;67;22/20/17;3;2929,08;V prevádzke
HYT-2137;Zvárané konštrukcie SK s.r.o.;Strojárstvo;Trnavský;Generátor dusíka;FLUIDMAX;FL-PP-16A;03.01.2022;02.01.2025;9792;10;12;25.3;01.05.2025;Preventívna prehliadka;;nemerané;0;1682,14;V prevádzke
HYT-2138;AutoDiel Trnava s.r.o.;Automotive;Trnavský;Hydraulický agregát lisu;AXIOMA;AX-GP-19D;06.04.2022;05.04.2025;7010;210;138;46.4;06.01.2025;Havarijná oprava;66;19/17/14;0;913,64;V prevádzke
HYT-2139;Lisovňa Nitra s.r.o.;Automotive;Nitriansky;Chladič kvapalín;AXIOMA;AX-GP-27C;22.12.2023;21.12.2027;4915;10;75;29.0;01.06.2025;Preventívna prehliadka;77;20/18/15;1;829,07;V prevádzke
HYT-2140;Hydinárne Východ a.s.;Potravinárstvo;Prešovský;Hydraulický zdvíhací stôl;FLUIDMAX;FL-CH-37E;06.07.2020;06.07.2023;6822;315;104;49.8;29.07.2025;Výmena filtračnej vložky;58;19/17/14;0;0,00;Odstavené
HYT-2141;Zvárané konštrukcie SK s.r.o.;Strojárstvo;Trnavský;Filtračná stanica;FLUIDMAX;FL-PP-47D;11.11.2022;10.11.2025;4603;25;296;1.4;02.10.2025;Preventívna prehliadka;64;17/15/12;0;180,01;V prevádzke
HYT-2142;Tatrawood s.r.o.;Drevospracujúci;Prešovský;Chladič kvapalín;HYDROMET;HY-AT-33C;14.02.2016;13.02.2019;24416;16;180;23.2;26.01.2025;Preventívna prehliadka;61;nemerané;1;1322,71;Odstavené
HYT-2143;Teplárne Stred a.s.;Energetika;Banskobystrický;Čerpadlová jednotka;FLUIDMAX;FL-CH-26B;08.03.2016;08.03.2018;17626;315;151;25.1;20.12.2024;Výmena filtračnej vložky;76;21/19/16;3;1859,86;V prevádzke
HYT-2144;KOVO Press Slovakia a.s.;Automotive;Trenčiansky;Generátor dusíka;iné / neznámy;IN-FL-34E;09.06.2020;09.06.2022;13737;8;25;19.3;27.06.2025;Preventívna prehliadka;;nemerané;1;2439,44;V prevádzke
HYT-2145;Bioplyn Juh s.r.o.;Energetika;Nitriansky;Generátor dusíka;FLUIDMAX;FL-PP-14C;13.12.2023;12.12.2026;7149;8;6;13.7;22.05.2025;Havarijná oprava;;nemerané;0;1519,72;V prevádzke
HYT-2146;Tatrawood s.r.o.;Drevospracujúci;Prešovský;Čerpadlová jednotka;PNEUTECH;PN-NG-57G;11.03.2015;10.03.2018;28512;250;140;25.8;25.04.2025;Havarijná oprava;71;21/19/16;3;2333,16;Na vyradenie
HYT-2147;Lisovňa Nitra s.r.o.;Automotive;Nitriansky;Pneumatický ovládací panel;PNEUTECH;PN-GP-18D;02.01.2015;01.01.2017;13095;7;1217;17.5;11.05.2025;Výmena filtračnej vložky;;20/18/15;3;2601,62;V prevádzke
HYT-2148;Bukoza Plus a.s.;Drevospracujúci;Košický;Chladič kvapalín;AXIOMA;AX-NG-24B;23.04.2020;23.04.2023;15341;6;287;19.7;20.03.2026;Havarijná oprava;76;16/14/11;2;1794,90;V prevádzke
HYT-2149;Drevona Industry, a.s.;Drevospracujúci;Žilinský;Generátor dusíka;iné / neznámy;IN-NG-55F;14.12.2020;14.12.2022;10607;10;6;21.0;23.07.2025;Preventívna prehliadka;;nemerané;1;2319,55;Odstavené
HYT-2150;AutoDiel Trnava s.r.o.;Automotive;Trnavský;Filtračná stanica;AXIOMA;AX-GP-70A;30.08.2021;29.08.2025;5441;16;276;5.3;13.10.2025;Výmena filtračnej vložky;77;18/16/13;1;1710,28;V prevádzke
HYT-2151;Pivovar Šariš Trade s.r.o.;Potravinárstvo;Prešovský;Chladiaci okruh oleja;FLUIDMAX;FL-PC-39C;02.02.2023;01.02.2027;5338;6;84;10.1;21.05.2026;Výmena filtračnej vložky;71;18/16/13;0;375,40;V prevádzke
HYT-2152;Zvárané konštrukcie SK s.r.o.;Strojárstvo;Trnavský;Pneumatický ovládací panel;FLUIDMAX;FL-CH-34A;20.11.2025;19.11.2029;2170;7;1664;17.6;22.05.2026;Lisovanie hadíc na mieste;;20/18/15;0;0,00;V prevádzke
HYT-2153;Bioplyn Juh s.r.o.;Energetika;Nitriansky;Generátor dusíka;FLUIDMAX;FL-PP-64G;22.07.2023;21.07.2025;7061;8;12;21.6;30.10.2025;Výmena filtračnej vložky;;nemerané;0;1379,36;V prevádzke
HYT-2154;Bukoza Plus a.s.;Drevospracujúci;Košický;Hydraulický agregát píly;PNEUTECH;PN-PP-89E;11.12.2023;10.12.2025;6777;280;165;22.9;14.12.2024;Havarijná oprava;59;18/16/13;2;2346,03;V prevádzke
HYT-2155;Seating Systems a.s.;Automotive;Bratislavský;Hydraulický zdvíhací stôl;PNEUTECH;PN-FL-84F;08.06.2019;07.06.2021;14514;315;103;70.4;29.08.2026;Havarijná oprava;66;20/18/15;2;1680,61;V prevádzke
HYT-2156;AutoDiel Trnava s.r.o.;Automotive;Trnavský;Hydraulický agregát lisu;iné / neznámy;IN-GP-17A;23.08.2019;22.08.2021;15658;250;176;8.5;22.08.2026;Preventívna prehliadka;56;18/16/13;1;1462,50;V prevádzke
HYT-2157;Seating Systems a.s.;Automotive;Bratislavský;Filtračná stanica;FLUIDMAX;FL-GP-39D;22.01.2020;21.01.2022;6047;10;239;1.3;26.05.2025;Výmena filtračnej vložky;57;18/16/13;1;1287,40;V prevádzke
HYT-2158;Mliekareň Zvolen s.r.o.;Potravinárstvo;Banskobystrický;Rozvod stlačeného vzduchu;FLUIDMAX;FL-CH-98B;28.10.2024;28.10.2026;2098;6;240;12.8;11.09.2026;Výmena filtračnej vložky;;16/14/11;0;380,55;V prevádzke
HYT-2159;Zvárané konštrukcie SK s.r.o.;Strojárstvo;Trnavský;Hydraulický zdvíhací stôl;PNEUTECH;PN-FL-41F;05.01.2024;04.01.2026;2912;210;147;12.8;11.02.2025;Preventívna prehliadka;41;16/14/11;0;479,99;V prevádzke
HYT-2160;Pílová Orava s.r.o.;Drevospracujúci;Žilinský;Chladiaci okruh oleja;FLUIDMAX;FL-PP-58G;09.07.2025;09.07.2027;2548;16;139;20.9;15.01.2025;Preventívna prehliadka;53;16/14/11;0;187,37;V prevádzke
HYT-2161;Pivovar Šariš Trade s.r.o.;Potravinárstvo;Prešovský;Hydraulický agregát píly;FLUIDMAX;FL-GP-24F;28.03.2020;27.03.2024;13874;280;116;67.3;20.09.2025;Uvedenie do prevádzky;50;20/18/15;1;694,53;V prevádzke
HYT-2162;Tatrawood s.r.o.;Drevospracujúci;Prešovský;Pneumatický ovládací panel;PNEUTECH;PN-GP-52B;30.04.2023;29.04.2026;7851;8;948;21.7;10.03.2025;Preventívna prehliadka;;nemerané;1;1336,54;V prevádzke
HYT-2163;Bioplyn Juh s.r.o.;Energetika;Nitriansky;Pneumatický ovládací panel;iné / neznámy;IN-AT-19A;31.03.2025;30.03.2028;2549;7;1412;7.1;23.11.2025;Výmena filtračnej vložky;;nemerané;0;0,00;V prevádzke
HYT-2164;Mobis Parts SK s.r.o.;Automotive;Žilinský;Filtračná stanica;iné / neznámy;IN-PP-40G;28.05.2025;27.05.2028;1975;10;158;6.7;09.07.2025;Uvedenie do prevádzky;53;16/14/11;0;0,00;V prevádzke
HYT-2165;Pivovar Šariš Trade s.r.o.;Potravinárstvo;Prešovský;Chladiaci okruh oleja;FLUIDMAX;FL-PC-24D;19.12.2017;18.12.2020;14337;6;270;24.0;03.06.2026;Preventívna prehliadka;59;22/20/17;1;708,70;Obmedzená prevádzka
HYT-2166;TechnoMach Prievidza s.r.o.;Strojárstvo;Trenčiansky;Rozvod stlačeného vzduchu;PNEUTECH;PN-CH-34E;21.01.2026;20.01.2029;1456;10;875;20.4;21.01.2026;Uvedenie do prevádzky;;nemerané;1;465,39;V prevádzke
HYT-2167;Pivovar Šariš Trade s.r.o.;Potravinárstvo;Prešovský;Filtračná stanica;AXIOMA;AX-PP-97B;30.11.2021;29.11.2024;12139;25;249;6.3;14.10.2025;Výmena filtračnej vložky;71;18/16/13;1;384,61;V prevádzke
HYT-2168;Lisovňa Nitra s.r.o.;Automotive;Nitriansky;Hydraulický zdvíhací stôl;FLUIDMAX;FL-PP-79E;17.05.2025;17.05.2027;1731;210;180;31.3;14.05.2025;Preventívna prehliadka;58;17/15/12;0;694,38;V prevádzke
HYT-2169;Lisovňa Nitra s.r.o.;Automotive;Nitriansky;Pneumatický ovládací panel;AXIOMA;AX-GP-58E;21.08.2018;20.08.2020;18394;7;1780;12.4;03.02.2025;Lisovanie hadíc na mieste;;nemerané;1;1294,83;V prevádzke
HYT-2170;Mobis Parts SK s.r.o.;Automotive;Žilinský;Hydraulický agregát píly;FLUIDMAX;FL-GP-21C;25.07.2018;24.07.2020;16579;280;174;73.4;02.05.2026;Preventívna prehliadka;49;19/17/14;0;414,80;V prevádzke
HYT-2171;Lisovňa Nitra s.r.o.;Automotive;Nitriansky;Rozvod stlačeného vzduchu;FLUIDMAX;FL-FL-85C;26.11.2019;25.11.2021;14277;8;1647;13.2;22.08.2026;Havarijná oprava;;nemerané;0;193,38;Obmedzená prevádzka
HYT-2172;Metalform Považie a.s.;Strojárstvo;Trenčiansky;Rozvod stlačeného vzduchu;FLUIDMAX;FL-PC-11D;22.12.2022;21.12.2024;4808;10;404;10.0;20.11.2025;Výmena filtračnej vložky;;nemerané;0;83,40;V prevádzke
HYT-2173;Pílová Orava s.r.o.;Drevospracujúci;Žilinský;Chladiaci okruh oleja;FLUIDMAX;FL-CH-82D;13.04.2019;12.04.2023;16680;10;339;20.0;05.08.2026;Preventívna prehliadka;57;21/19/16;1;844,47;V prevádzke
HYT-2174;PotravinaSK a.s.;Potravinárstvo;Nitriansky;Chladič kvapalín;FLUIDMAX;FL-CH-98B;13.06.2017;12.06.2021;10294;16;342;33.6;22.05.2025;Preventívna prehliadka;70;nemerané;2;1519,14;V prevádzke
HYT-2175;Lisovňa Nitra s.r.o.;Automotive;Nitriansky;Hydraulický zdvíhací stôl;FLUIDMAX;FL-FL-59A;12.09.2015;11.09.2018;24343;250;64;46.6;25.02.2025;Havarijná oprava;68;21/19/16;3;1958,30;V prevádzke
HYT-2176;Zvárané konštrukcie SK s.r.o.;Strojárstvo;Trnavský;Hydraulický agregát píly;iné / neznámy;IN-CH-48C;15.07.2017;14.07.2020;14518;315;82;11.7;17.06.2026;Havarijná oprava;65;20/18/15;2;989,51;V prevádzke
HYT-2177;Pílová Orava s.r.o.;Drevospracujúci;Žilinský;Čerpadlová jednotka;FLUIDMAX;FL-AT-11A;06.01.2024;05.01.2027;5421;250;28;30.2;06.04.2026;Výmena filtračnej vložky;58;18/16/13;0;312,95;Odstavené
HYT-2178;Recykling SK s.r.o.;Ostatné;Košický;Hydraulický agregát píly;FLUIDMAX;FL-PP-81G;13.10.2023;12.10.2026;5081;315;143;49.5;03.08.2026;Preventívna prehliadka;47;19/17/14;1;1008,81;V prevádzke
HYT-2179;Plastika Nitra s.r.o.;Ostatné;Nitriansky;Rozvod stlačeného vzduchu;iné / neznámy;IN-CH-21A;23.05.2020;23.05.2022;12633;8;1441;10.3;15.04.2025;Havarijná oprava;;nemerané;2;1790,02;V prevádzke
HYT-2180;Drevona Industry, a.s.;Drevospracujúci;Žilinský;Generátor dusíka;FLUIDMAX;FL-PP-35B;22.11.2018;21.11.2022;18902;10;12;36.4;30.04.2025;Preventívna prehliadka;;nemerané;0;1622,68;V prevádzke
HYT-2181;TechnoMach Prievidza s.r.o.;Strojárstvo;Trenčiansky;Chladič kvapalín;iné / neznámy;IN-PC-43E;24.09.2021;23.09.2025;5492;6;374;20.0;03.09.2026;Preventívna prehliadka;54;19/17/14;0;184,55;V prevádzke
HYT-2182;Strojáreň Martin a.s.;Strojárstvo;Žilinský;Hydraulický agregát píly;iné / neznámy;IN-PC-73A;17.02.2022;16.02.2025;10140;160;118;57.9;01.11.2024;Diagnostika a meranie;36;18/16/13;0;235,66;V prevádzke
HYT-2183;Strojáreň Martin a.s.;Strojárstvo;Žilinský;Hydraulický zdvíhací stôl;AXIOMA;AX-FL-98E;30.03.2020;30.03.2022;12675;210;69;39.4;27.01.2026;Výmena filtračnej vložky;77;17/15/12;1;1605,44;V prevádzke
HYT-2184;Pivovar Šariš Trade s.r.o.;Potravinárstvo;Prešovský;Chladič kvapalín;FLUIDMAX;FL-CH-10D;30.05.2025;30.05.2027;2695;10;195;8.5;03.09.2026;Diagnostika a meranie;77;17/15/12;2;1367,93;V prevádzke
HYT-2185;Seating Systems a.s.;Automotive;Bratislavský;Hydraulický zdvíhací stôl;HYDROMET;HY-PP-83D;21.12.2022;20.12.2024;7108;160;77;67.8;24.09.2025;Havarijná oprava;56;16/14/11;0;1156,54;V prevádzke
HYT-2186;Papierne Sever a.s.;Ostatné;Žilinský;Rozvod stlačeného vzduchu;AXIOMA;AX-PP-77D;19.07.2023;18.07.2026;6104;8;207;14.0;28.03.2026;Výmena filtračnej vložky;;nemerané;0;460,69;V prevádzke
HYT-2187;Papierne Sever a.s.;Ostatné;Žilinský;Chladiaci okruh oleja;FLUIDMAX;FL-PP-21A;01.06.2022;31.05.2026;10949;10;275;11.8;31.01.2025;Preventívna prehliadka;53;22/20/17;1;1238,67;V prevádzke
HYT-2188;Zvárané konštrukcie SK s.r.o.;Strojárstvo;Trnavský;Pneumatický ovládací panel;HYDROMET;HY-NG-32A;06.01.2020;05.01.2023;10924;8;408;5.0;03.04.2025;Preventívna prehliadka;;nemerané;1;441,87;V prevádzke
HYT-2189;Metalform Považie a.s.;Strojárstvo;Trenčiansky;Filtračná stanica;PNEUTECH;PN-AT-44C;18.07.2018;17.07.2021;10999;25;299;1.3;23.04.2026;Výmena filtračnej vložky;65;21/19/16;3;2229,58;V prevádzke
HYT-2190;Strojáreň Martin a.s.;Strojárstvo;Žilinský;Generátor dusíka;iné / neznámy;IN-GP-84C;24.02.2019;23.02.2022;9687;10;12;10.2;16.09.2026;Preventívna prehliadka;;17/15/12;0;1635,40;Odstavené
HYT-2191;Mobis Parts SK s.r.o.;Automotive;Žilinský;Čerpadlová jednotka;HYDROMET;HY-GP-72D;19.07.2019;18.07.2022;10374;280;112;17.7;15.12.2024;Výmena filtračnej vložky;57;nemerané;1;974,97;V prevádzke
HYT-2192;PotravinaSK a.s.;Potravinárstvo;Nitriansky;Chladič kvapalín;FLUIDMAX;FL-GP-84A;12.05.2024;12.05.2026;2875;6;131;10.0;19.02.2026;Preventívna prehliadka;73;18/16/13;1;1531,68;V prevádzke
HYT-2193;Mobis Parts SK s.r.o.;Automotive;Žilinský;Generátor dusíka;AXIOMA;AX-FL-49A;21.07.2018;20.07.2021;16865;10;25;6.9;16.01.2026;Preventívna prehliadka;;nemerané;0;878,07;V prevádzke
HYT-2194;Strojáreň Martin a.s.;Strojárstvo;Žilinský;Filtračná stanica;PNEUTECH;PN-PC-21D;01.04.2019;31.03.2021;15862;10;86;3.9;01.04.2025;Havarijná oprava;57;18/16/13;0;513,09;V prevádzke
HYT-2195;Hutné centrum Košice s.r.o.;Strojárstvo;Košický;Filtračná stanica;FLUIDMAX;FL-PC-66C;29.03.2020;29.03.2022;12681;16;274;1.4;04.05.2025;Preventívna prehliadka;59;18/16/13;0;424,19;V prevádzke
HYT-2196;Teplárne Stred a.s.;Energetika;Banskobystrický;Hydraulický agregát píly;FLUIDMAX;FL-AT-83G;18.08.2018;17.08.2020;16153;280;32;16.0;28.09.2025;Preventívna prehliadka;87;19/17/14;2;2081,76;V prevádzke
HYT-2197;Bioplyn Juh s.r.o.;Energetika;Nitriansky;Pneumatický ovládací panel;FLUIDMAX;FL-CH-90B;30.08.2024;30.08.2027;2914;7;652;1.7;19.04.2025;Preventívna prehliadka;;nemerané;0;632,36;V prevádzke
HYT-2198;Zvárané konštrukcie SK s.r.o.;Strojárstvo;Trnavský;Hydraulický agregát lisu;FLUIDMAX;FL-NG-76B;07.01.2026;06.01.2029;848;160;49;18.6;17.04.2026;Uvedenie do prevádzky;72;16/14/11;1;1111,86;Obmedzená prevádzka
HYT-2199;Vodohospodár Západ a.s.;Energetika;Bratislavský;Čerpadlová jednotka;PNEUTECH;PN-PP-41C;05.08.2017;05.08.2019;23186;280;167;62.3;26.07.2026;Havarijná oprava;62;20/18/15;2;2146,26;Obmedzená prevádzka
HYT-2200;KOVO Press Slovakia a.s.;Automotive;Trenčiansky;Hydraulický agregát lisu;AXIOMA;AX-FL-81A;21.05.2016;20.05.2020;13949;280;114;26.8;03.07.2025;Havarijná oprava;75;20/18/15;2;1698,64;Obmedzená prevádzka
HYT-2201;Drevona Industry, a.s.;Drevospracujúci;Žilinský;Čerpadlová jednotka;HYDROMET;HY-GP-32E;08.04.2021;07.04.2024;12091;160;163;49.7;06.01.2026;Preventívna prehliadka;67;22/20/17;1;795,03;Na vyradenie
HYT-2202;PotravinaSK a.s.;Potravinárstvo;Nitriansky;Chladiaci okruh oleja;HYDROMET;HY-AT-37D;14.09.2020;14.09.2022;8129;10;121;38.0;28.11.2024;Výmena filtračnej vložky;72;nemerané;0;852,91;V prevádzke
HYT-2203;KOVO Press Slovakia a.s.;Automotive;Trenčiansky;Pneumatický ovládací panel;FLUIDMAX;FL-PC-35F;11.09.2021;11.09.2023;10565;8;977;17.1;01.04.2025;Havarijná oprava;;nemerané;0;240,05;V prevádzke
HYT-2204;Vodohospodár Západ a.s.;Energetika;Bratislavský;Rozvod stlačeného vzduchu;HYDROMET;HY-AT-22G;19.09.2021;18.09.2024;7173;7;1093;7.6;07.06.2026;Výmena filtračnej vložky;;17/15/12;0;241,63;Odstavené
HYT-2205;AutoDiel Trnava s.r.o.;Automotive;Trnavský;Pneumatický ovládací panel;HYDROMET;HY-PC-54A;22.06.2019;21.06.2022;18539;7;493;20.9;17.04.2025;Výmena filtračnej vložky;;20/18/15;3;2590,15;V prevádzke
HYT-2206;Drevona Industry, a.s.;Drevospracujúci;Žilinský;Chladič kvapalín;AXIOMA;AX-NG-95C;16.09.2020;16.09.2022;15032;16;188;39.2;06.11.2025;Preventívna prehliadka;56;20/18/15;0;0,00;V prevádzke
HYT-2207;AutoDiel Trnava s.r.o.;Automotive;Trnavský;Generátor dusíka;iné / neznámy;IN-FL-18C;07.09.2021;07.09.2023;6722;8;12;12.5;18.12.2024;Diagnostika a meranie;;19/17/14;0;685,02;V prevádzke
HYT-2208;Metalform Považie a.s.;Strojárstvo;Trenčiansky;Chladič kvapalín;HYDROMET;HY-CH-86B;26.09.2024;25.09.2028;5148;16;263;12.4;25.12.2024;Výmena filtračnej vložky;74;19/17/14;1;1120,68;V prevádzke
HYT-2209;Mobis Parts SK s.r.o.;Automotive;Žilinský;Generátor dusíka;iné / neznámy;IN-FL-27D;08.06.2018;07.06.2021;16592;10;6;5.7;26.02.2026;Výmena filtračnej vložky;;nemerané;1;2373,61;V prevádzke
HYT-2210;Tatrawood s.r.o.;Drevospracujúci;Prešovský;Čerpadlová jednotka;AXIOMA;AX-CH-97D;05.03.2021;05.03.2023;14457;315;75;42.7;26.03.2025;Uvedenie do prevádzky;59;nemerané;1;1308,37;V prevádzke
HYT-2211;PotravinaSK a.s.;Potravinárstvo;Nitriansky;Čerpadlová jednotka;PNEUTECH;PN-PP-97B;31.03.2019;30.03.2021;14152;315;147;20.2;11.09.2026;Výmena filtračnej vložky;66;18/16/13;0;539,38;V prevádzke
HYT-2212;Bioplyn Juh s.r.o.;Energetika;Nitriansky;Hydraulický zdvíhací stôl;AXIOMA;AX-PC-70B;26.05.2024;26.05.2027;3309;315;120;7.9;01.06.2025;Havarijná oprava;77;16/14/11;1;1080,86;V prevádzke
HYT-2213;Teplárne Stred a.s.;Energetika;Banskobystrický;Čerpadlová jednotka;HYDROMET;HY-PP-49A;19.10.2015;18.10.2017;27835;160;53;50.7;01.08.2025;Havarijná oprava;58;20/18/15;1;1155,16;Obmedzená prevádzka
HYT-2214;Papierne Sever a.s.;Ostatné;Žilinský;Rozvod stlačeného vzduchu;FLUIDMAX;FL-PP-56E;14.11.2015;13.11.2017;16235;8;261;10.1;15.09.2026;Havarijná oprava;;nemerané;2;1297,82;V prevádzke
HYT-2215;Metalform Považie a.s.;Strojárstvo;Trenčiansky;Hydraulický agregát píly;FLUIDMAX;FL-GP-16E;18.06.2024;18.06.2027;2235;160;80;33.7;13.05.2025;Uvedenie do prevádzky;61;17/15/12;0;132,92;V prevádzke
HYT-2216;Papierne Sever a.s.;Ostatné;Žilinský;Generátor dusíka;FLUIDMAX;FL-PP-36B;28.03.2021;28.03.2023;13243;10;12;32.0;21.11.2024;Uvedenie do prevádzky;;nemerané;1;1920,82;V prevádzke
HYT-2217;Lisovňa Nitra s.r.o.;Automotive;Nitriansky;Chladič kvapalín;FLUIDMAX;FL-CH-14C;20.06.2019;19.06.2021;14376;16;156;15.4;16.04.2025;Výmena filtračnej vložky;69;18/16/13;0;0,00;V prevádzke
HYT-2218;Seating Systems a.s.;Automotive;Bratislavský;Pneumatický ovládací panel;FLUIDMAX;FL-PP-21B;25.04.2020;25.04.2022;13135;7;819;2.2;19.12.2024;Preventívna prehliadka;;18/16/13;0;1352,24;V prevádzke
HYT-2219;Teplárne Stred a.s.;Energetika;Banskobystrický;Pneumatický ovládací panel;iné / neznámy;IN-PP-21C;18.08.2024;18.08.2027;4721;8;227;4.0;15.06.2025;Havarijná oprava;;nemerané;1;1639,61;V prevádzke
HYT-2220;Lisovňa Nitra s.r.o.;Automotive;Nitriansky;Hydraulický zdvíhací stôl;FLUIDMAX;FL-NG-48E;05.07.2018;04.07.2021;9452;280;91;12.4;24.03.2025;Preventívna prehliadka;43;19/17/14;0;547,36;V prevádzke
HYT-2221;Vodohospodár Západ a.s.;Energetika;Bratislavský;Chladič kvapalín;iné / neznámy;IN-PC-65C;31.12.2022;30.12.2026;5429;16;382;36.5;26.11.2025;Výmena filtračnej vložky;54;18/16/13;0;575,35;V prevádzke
HYT-2222;PotravinaSK a.s.;Potravinárstvo;Nitriansky;Chladiaci okruh oleja;HYDROMET;HY-NG-54A;07.05.2020;07.05.2023;12820;10;247;23.6;25.03.2026;Výmena filtračnej vložky;63;18/16/13;0;0,00;Obmedzená prevádzka
HYT-2223;Hydinárne Východ a.s.;Potravinárstvo;Prešovský;Hydraulický agregát píly;AXIOMA;AX-FL-39C;25.07.2015;24.07.2018;19030;210;145;36.7;26.04.2026;Preventívna prehliadka;48;nemerané;0;342,04;V prevádzke
HYT-2224;Drevona Industry, a.s.;Drevospracujúci;Žilinský;Chladič kvapalín;FLUIDMAX;FL-PC-55C;31.05.2022;30.05.2024;7613;6;399;32.9;11.11.2025;Preventívna prehliadka;51;20/18/15;0;1020,53;V prevádzke
HYT-2225;Papierne Sever a.s.;Ostatné;Žilinský;Hydraulický zdvíhací stôl;PNEUTECH;PN-PC-55D;29.03.2022;28.03.2024;5048;280;152;51.4;10.09.2025;Výmena filtračnej vložky;73;19/17/14;0;201,96;V prevádzke
HYT-2226;Plastika Nitra s.r.o.;Ostatné;Nitriansky;Pneumatický ovládací panel;FLUIDMAX;FL-CH-23D;22.03.2016;21.03.2020;21016;10;245;2.9;25.07.2026;Lisovanie hadíc na mieste;;nemerané;2;1016,64;V prevádzke
HYT-2227;Zvárané konštrukcie SK s.r.o.;Strojárstvo;Trnavský;Rozvod stlačeného vzduchu;AXIOMA;AX-FL-21F;23.10.2019;22.10.2022;14471;10;874;18.4;31.03.2025;Havarijná oprava;;nemerané;0;23,33;V prevádzke
HYT-2228;Recykling SK s.r.o.;Ostatné;Košický;Hydraulický agregát píly;AXIOMA;AX-CH-92F;09.10.2024;09.10.2026;3344;315;77;10.5;02.06.2025;Preventívna prehliadka;59;16/14/11;0;464,16;V prevádzke
HYT-2229;Plastika Nitra s.r.o.;Ostatné;Nitriansky;Rozvod stlačeného vzduchu;FLUIDMAX;FL-GP-41B;15.01.2025;15.01.2028;2785;7;708;18.7;15.04.2026;Preventívna prehliadka;;nemerané;1;1444,41;V prevádzke
HYT-2230;Mliekareň Zvolen s.r.o.;Potravinárstvo;Banskobystrický;Pneumatický ovládací panel;FLUIDMAX;FL-FL-72B;07.02.2016;06.02.2019;9865;8;232;10.6;01.11.2025;Výmena filtračnej vložky;;nemerané;0;298,10;V prevádzke
HYT-2231;Seating Systems a.s.;Automotive;Bratislavský;Hydraulický agregát píly;FLUIDMAX;FL-FL-13C;29.04.2017;29.04.2019;9702;250;28;24.0;15.09.2025;Preventívna prehliadka;70;20/18/15;1;422,06;V prevádzke
HYT-2232;TechnoMach Prievidza s.r.o.;Strojárstvo;Trenčiansky;Rozvod stlačeného vzduchu;HYDROMET;HY-PP-54A;24.07.2020;24.07.2022;11171;6;605;7.8;10.07.2025;Výmena filtračnej vložky;;nemerané;1;1291,91;V prevádzke
HYT-2233;Zvárané konštrukcie SK s.r.o.;Strojárstvo;Trnavský;Generátor dusíka;FLUIDMAX;FL-NG-32E;14.09.2015;13.09.2018;18258;8;12;31.1;28.07.2025;Havarijná oprava;;nemerané;2;2554,97;V prevádzke
HYT-2234;AutoDiel Trnava s.r.o.;Automotive;Trnavský;Hydraulický agregát lisu;FLUIDMAX;FL-GP-68G;17.05.2022;16.05.2026;4411;280;130;53.7;21.04.2026;Preventívna prehliadka;44;nemerané;1;408,18;Na vyradenie
HYT-2235;Strojáreň Martin a.s.;Strojárstvo;Žilinský;Pneumatický ovládací panel;FLUIDMAX;FL-PP-34F;07.03.2019;06.03.2021;7075;7;1177;11.2;15.07.2025;Výmena filtračnej vložky;;nemerané;1;1015,88;V prevádzke
HYT-2236;Mliekareň Zvolen s.r.o.;Potravinárstvo;Banskobystrický;Hydraulický agregát píly;AXIOMA;AX-PP-10D;15.01.2025;15.01.2028;2124;250;124;39.6;16.12.2024;Výmena filtračnej vložky;62;nemerané;1;806,57;V prevádzke
HYT-2237;Recykling SK s.r.o.;Ostatné;Košický;Generátor dusíka;FLUIDMAX;FL-CH-31F;05.08.2025;04.08.2029;1291;8;25;21.3;14.09.2025;Preventívna prehliadka;;nemerané;0;1030,54;V prevádzke
HYT-2238;Seating Systems a.s.;Automotive;Bratislavský;Hydraulický agregát píly;HYDROMET;HY-CH-33G;07.11.2024;07.11.2027;3595;315;94;70.8;02.07.2025;Havarijná oprava;63;18/16/13;0;703,09;V prevádzke
HYT-2239;Plastika Nitra s.r.o.;Ostatné;Nitriansky;Generátor dusíka;AXIOMA;AX-PP-56C;15.09.2016;15.09.2018;17514;10;12;28.7;01.02.2026;Výmena filtračnej vložky;;nemerané;1;1951,07;V prevádzke
HYT-2240;Papierne Sever a.s.;Ostatné;Žilinský;Hydraulický agregát píly;FLUIDMAX;FL-NG-66D;25.09.2017;25.09.2019;22092;315;91;32.9;12.01.2025;Výmena filtračnej vložky;39;19/17/14;0;751,40;V prevádzke
HYT-2241;Recykling SK s.r.o.;Ostatné;Košický;Pneumatický ovládací panel;PNEUTECH;PN-PC-58A;27.09.2014;26.09.2017;13924;10;546;2.3;25.12.2025;Havarijná oprava;;nemerané;3;2417,57;V prevádzke
HYT-2242;TechnoMach Prievidza s.r.o.;Strojárstvo;Trenčiansky;Chladiaci okruh oleja;PNEUTECH;PN-NG-71A;18.05.2018;17.05.2021;19447;6;134;3.3;12.05.2026;Preventívna prehliadka;72;nemerané;1;1690,74;V prevádzke
HYT-2243;Zvárané konštrukcie SK s.r.o.;Strojárstvo;Trnavský;Filtračná stanica;iné / neznámy;IN-PC-84B;22.04.2020;22.04.2022;16633;25;324;4.6;16.01.2025;Havarijná oprava;54;19/17/14;2;2240,22;Obmedzená prevádzka
HYT-2244;Plastika Nitra s.r.o.;Ostatné;Nitriansky;Chladiaci okruh oleja;HYDROMET;HY-NG-89A;14.10.2014;13.10.2017;30039;10;294;21.1;14.12.2025;Havarijná oprava;79;20/18/15;3;2274,35;Na vyradenie
HYT-2245;Tatrawood s.r.o.;Drevospracujúci;Prešovský;Generátor dusíka;AXIOMA;AX-CH-18E;12.12.2018;11.12.2021;11527;8;25;17.1;18.10.2025;Preventívna prehliadka;;18/16/13;1;1710,77;V prevádzke
HYT-2246;Papierne Sever a.s.;Ostatné;Žilinský;Chladiaci okruh oleja;AXIOMA;AX-FL-46F;01.06.2025;01.06.2027;1752;16;180;10.7;18.08.2025;Havarijná oprava;88;16/14/11;2;1862,17;Odstavené
HYT-2247;Drevona Industry, a.s.;Drevospracujúci;Žilinský;Rozvod stlačeného vzduchu;FLUIDMAX;FL-PC-42D;02.12.2025;01.12.2028;1648;6;1482;13.3;06.04.2025;Preventívna prehliadka;;nemerané;1;1537,16;V prevádzke
HYT-2248;Recykling SK s.r.o.;Ostatné;Košický;Chladič kvapalín;FLUIDMAX;FL-AT-36C;03.08.2019;02.08.2021;15875;16;254;22.1;04.11.2024;Lisovanie hadíc na mieste;56;20/18/15;1;521,81;V prevádzke
HYT-2249;Plastika Nitra s.r.o.;Ostatné;Nitriansky;Hydraulický agregát píly;PNEUTECH;PN-GP-69F;08.11.2023;07.11.2025;6172;315;174;26.6;15.09.2025;Výmena filtračnej vložky;67;18/16/13;1;1271,31;V prevádzke
HYT-2250;Tatrawood s.r.o.;Drevospracujúci;Prešovský;Filtračná stanica;PNEUTECH;PN-CH-85B;01.06.2025;01.06.2027;2124;25;213;2.7;08.02.2025;Havarijná oprava;58;17/15/12;0;25,75;Na vyradenie
HYT-2251;Tatrawood s.r.o.;Drevospracujúci;Prešovský;Chladiaci okruh oleja;FLUIDMAX;FL-GP-37F;31.10.2021;31.10.2023;11977;6;150;21.3;20.01.2025;Havarijná oprava;66;20/18/15;0;416,36;V prevádzke
HYT-2252;Hydinárne Východ a.s.;Potravinárstvo;Prešovský;Čerpadlová jednotka;FLUIDMAX;FL-FL-89G;04.05.2025;03.05.2028;2116;280;90;25.7;18.08.2025;Diagnostika a meranie;75;18/16/13;1;972,30;V prevádzke
HYT-2253;Mobis Parts SK s.r.o.;Automotive;Žilinský;Pneumatický ovládací panel;PNEUTECH;PN-PC-40G;26.05.2016;26.05.2019;18941;7;748;15.7;29.05.2026;Preventívna prehliadka;;nemerané;0;334,16;V prevádzke
HYT-2254;Bukoza Plus a.s.;Drevospracujúci;Košický;Hydraulický agregát píly;FLUIDMAX;FL-PP-53B;22.05.2025;21.05.2028;2771;210;87;52.3;15.11.2025;Preventívna prehliadka;57;16/14/11;1;1270,96;V prevádzke
HYT-2255;KOVO Press Slovakia a.s.;Automotive;Trenčiansky;Chladiaci okruh oleja;AXIOMA;AX-GP-22E;27.09.2015;26.09.2019;15206;10;215;16.4;09.08.2025;Výmena filtračnej vložky;79;20/18/15;1;1227,14;V prevádzke
HYT-2256;Papierne Sever a.s.;Ostatné;Žilinský;Filtračná stanica;FLUIDMAX;FL-PC-92A;21.10.2014;20.10.2017;12186;10;337;3.8;16.09.2025;Preventívna prehliadka;50;18/16/13;0;460,49;Na vyradenie
HYT-2257;KOVO Press Slovakia a.s.;Automotive;Trenčiansky;Generátor dusíka;AXIOMA;AX-FL-53G;16.12.2020;15.12.2024;11296;8;25;6.6;15.01.2026;Preventívna prehliadka;;nemerané;0;1126,63;V prevádzke
HYT-2258;Pivovar Šariš Trade s.r.o.;Potravinárstvo;Prešovský;Čerpadlová jednotka;AXIOMA;AX-CH-55C;14.04.2018;13.04.2021;18923;160;72;64.6;16.07.2025;Výmena filtračnej vložky;62;21/19/16;2;1393,88;V prevádzke
HYT-2259;Pivovar Šariš Trade s.r.o.;Potravinárstvo;Prešovský;Generátor dusíka;AXIOMA;AX-GP-24C;05.08.2017;04.08.2020;18419;8;12;15.5;27.04.2026;Preventívna prehliadka;;nemerané;0;994,81;V prevádzke
HYT-2260;Zvárané konštrukcie SK s.r.o.;Strojárstvo;Trnavský;Generátor dusíka;HYDROMET;HY-AT-24D;19.06.2018;18.06.2020;8859;8;25;33.7;24.06.2026;Preventívna prehliadka;;nemerané;1;1908,56;V prevádzke
HYT-2261;Bukoza Plus a.s.;Drevospracujúci;Košický;Generátor dusíka;AXIOMA;AX-CH-17A;28.11.2023;27.11.2025;5158;12;25;35.9;26.07.2025;Uvedenie do prevádzky;;nemerané;0;1978,23;V prevádzke
HYT-2262;Pílová Orava s.r.o.;Drevospracujúci;Žilinský;Rozvod stlačeného vzduchu;AXIOMA;AX-CH-50C;17.10.2020;17.10.2023;8154;8;207;4.5;03.11.2025;Preventívna prehliadka;;nemerané;0;852,23;V prevádzke
HYT-2263;TechnoMach Prievidza s.r.o.;Strojárstvo;Trenčiansky;Rozvod stlačeného vzduchu;HYDROMET;HY-AT-37B;10.05.2021;10.05.2023;8124;7;861;19.5;04.01.2026;Preventívna prehliadka;;nemerané;1;893,78;V prevádzke
HYT-2264;Hydinárne Východ a.s.;Potravinárstvo;Prešovský;Rozvod stlačeného vzduchu;AXIOMA;AX-PP-93C;04.12.2024;04.12.2027;3760;6;1424;2.0;24.02.2026;Diagnostika a meranie;;nemerané;0;594,39;V prevádzke
HYT-2265;Hydinárne Východ a.s.;Potravinárstvo;Prešovský;Pneumatický ovládací panel;AXIOMA;AX-CH-27E;09.10.2017;09.10.2019;17154;7;1570;16.1;15.05.2026;Havarijná oprava;;nemerané;1;701,24;V prevádzke
HYT-2266;Tatrawood s.r.o.;Drevospracujúci;Prešovský;Hydraulický agregát lisu;FLUIDMAX;FL-FL-85F;28.04.2021;27.04.2024;6005;250;99;9.6;07.01.2026;Preventívna prehliadka;72;21/19/16;1;1327,77;Obmedzená prevádzka
HYT-2267;Teplárne Stred a.s.;Energetika;Banskobystrický;Čerpadlová jednotka;AXIOMA;AX-FL-84F;24.01.2019;23.01.2021;9134;210;65;52.0;17.02.2025;Havarijná oprava;62;22/20/17;3;1836,02;V prevádzke
HYT-2268;Metalform Považie a.s.;Strojárstvo;Trenčiansky;Hydraulický agregát lisu;FLUIDMAX;FL-PP-24G;27.08.2020;27.08.2023;14870;250;140;5.7;09.11.2024;Preventívna prehliadka;48;21/19/16;1;727,98;V prevádzke
HYT-2269;Papierne Sever a.s.;Ostatné;Žilinský;Hydraulický agregát píly;PNEUTECH;PN-CH-44A;09.10.2025;08.10.2028;1273;315;137;20.2;05.04.2026;Uvedenie do prevádzky;51;19/17/14;0;1289,73;V prevádzke
HYT-2270;Pivovar Šariš Trade s.r.o.;Potravinárstvo;Prešovský;Hydraulický agregát píly;AXIOMA;AX-PP-77G;16.08.2016;16.08.2018;22474;280;30;59.5;05.10.2025;Diagnostika a meranie;61;21/19/16;3;3181,22;V prevádzke
HYT-2271;Pílová Orava s.r.o.;Drevospracujúci;Žilinský;Chladič kvapalín;AXIOMA;AX-CH-57D;20.02.2023;19.02.2025;4131;10;216;11.3;20.02.2025;Výmena filtračnej vložky;65;19/17/14;1;389,78;Obmedzená prevádzka
HYT-2272;Bioplyn Juh s.r.o.;Energetika;Nitriansky;Filtračná stanica;PNEUTECH;PN-AT-71A;15.09.2017;14.09.2020;16335;25;143;2.8;13.01.2025;Lisovanie hadíc na mieste;38;nemerané;0;171,98;V prevádzke
HYT-2273;Tatrawood s.r.o.;Drevospracujúci;Prešovský;Hydraulický zdvíhací stôl;FLUIDMAX;FL-CH-47E;25.02.2022;24.02.2026;7212;280;167;10.9;01.04.2025;Havarijná oprava;59;20/18/15;2;1039,82;V prevádzke
HYT-2274;Bukoza Plus a.s.;Drevospracujúci;Košický;Filtračná stanica;AXIOMA;AX-PC-67A;18.11.2025;17.11.2029;1144;10;144;7.0;05.09.2025;Preventívna prehliadka;61;19/17/14;1;558,56;V prevádzke
HYT-2275;Drevona Industry, a.s.;Drevospracujúci;Žilinský;Hydraulický zdvíhací stôl;HYDROMET;HY-PP-44B;01.06.2022;31.05.2026;6297;160;92;50.3;21.09.2025;Diagnostika a meranie;63;21/19/16;1;885,81;V prevádzke
HYT-2276;Mobis Parts SK s.r.o.;Automotive;Žilinský;Hydraulický zdvíhací stôl;AXIOMA;AX-PP-66G;29.05.2020;29.05.2022;7665;315;162;20.8;06.03.2026;Havarijná oprava;58;18/16/13;0;459,75;V prevádzke
HYT-2277;Seating Systems a.s.;Automotive;Bratislavský;Chladič kvapalín;HYDROMET;HY-NG-92F;14.04.2017;14.04.2019;22025;16;277;10.1;24.06.2026;Havarijná oprava;81;21/19/16;2;1408,33;V prevádzke
HYT-2278;Plastika Nitra s.r.o.;Ostatné;Nitriansky;Čerpadlová jednotka;FLUIDMAX;FL-PP-42E;29.10.2017;29.10.2019;10844;160;83;31.4;21.04.2025;Preventívna prehliadka;78;20/18/15;3;1552,11;V prevádzke
HYT-2279;Recykling SK s.r.o.;Ostatné;Košický;Generátor dusíka;FLUIDMAX;FL-GP-46G;21.09.2024;21.09.2027;2759;12;25;26.5;31.08.2026;Výmena filtračnej vložky;;16/14/11;0;536,55;V prevádzke
HYT-2280;AutoDiel Trnava s.r.o.;Automotive;Trnavský;Filtračná stanica;FLUIDMAX;FL-GP-75D;15.11.2016;14.11.2020;23107;10;120;1.2;21.12.2024;Výmena filtračnej vložky;59;20/18/15;3;1991,18;V prevádzke
HYT-2281;Zvárané konštrukcie SK s.r.o.;Strojárstvo;Trnavský;Hydraulický agregát píly;AXIOMA;AX-CH-13D;30.03.2016;30.03.2018;24101;160;26;72.4;31.08.2026;Preventívna prehliadka;53;21/19/16;1;849,68;Obmedzená prevádzka
HYT-2282;Vodohospodár Západ a.s.;Energetika;Bratislavský;Chladiaci okruh oleja;FLUIDMAX;FL-PC-70D;18.02.2025;18.02.2027;3731;6;379;32.0;06.01.2025;Havarijná oprava;66;nemerané;0;987,13;Odstavené
HYT-2283;Mobis Parts SK s.r.o.;Automotive;Žilinský;Chladiaci okruh oleja;HYDROMET;HY-PC-98A;14.07.2017;13.07.2020;10055;16;299;20.7;25.08.2025;Preventívna prehliadka;62;nemerané;1;1724,12;V prevádzke
HYT-2284;Strojáreň Martin a.s.;Strojárstvo;Žilinský;Čerpadlová jednotka;iné / neznámy;IN-FL-27E;25.01.2019;24.01.2022;19909;280;114;59.7;25.02.2025;Havarijná oprava;49;nemerané;2;1285,35;V prevádzke
HYT-2285;Pivovar Šariš Trade s.r.o.;Potravinárstvo;Prešovský;Chladiaci okruh oleja;FLUIDMAX;FL-NG-35G;19.04.2017;19.04.2019;10860;16;387;27.3;25.07.2026;Preventívna prehliadka;82;19/17/14;1;1091,07;V prevádzke
HYT-2286;Strojáreň Martin a.s.;Strojárstvo;Žilinský;Hydraulický agregát píly;iné / neznámy;IN-AT-96G;20.09.2018;19.09.2022;17413;315;174;58.1;10.08.2026;Výmena filtračnej vložky;54;19/17/14;1;1197,89;V prevádzke
HYT-2287;Mobis Parts SK s.r.o.;Automotive;Žilinský;Pneumatický ovládací panel;FLUIDMAX;FL-FL-75D;30.12.2019;29.12.2023;6529;7;1668;3.7;04.11.2025;Havarijná oprava;;nemerané;0;755,44;V prevádzke
HYT-2288;Lisovňa Nitra s.r.o.;Automotive;Nitriansky;Hydraulický agregát lisu;AXIOMA;AX-AT-17B;03.11.2024;03.11.2027;4846;160;159;37.4;06.08.2025;Preventívna prehliadka;59;17/15/12;0;72,78;Odstavené
HYT-2289;Drevona Industry, a.s.;Drevospracujúci;Žilinský;Chladič kvapalín;PNEUTECH;PN-NG-18B;24.08.2020;23.08.2024;9071;6;395;44.5;30.04.2026;Havarijná oprava;84;20/18/15;2;1236,27;V prevádzke
HYT-2290;AutoDiel Trnava s.r.o.;Automotive;Trnavský;Chladič kvapalín;PNEUTECH;PN-AT-35D;02.11.2015;01.11.2017;18013;10;129;4.9;15.12.2025;Havarijná oprava;69;21/19/16;3;2343,91;Obmedzená prevádzka
HYT-2291;Papierne Sever a.s.;Ostatné;Žilinský;Hydraulický agregát lisu;FLUIDMAX;FL-FL-99C;17.12.2016;17.12.2019;12962;315;91;45.0;12.07.2025;Výmena filtračnej vložky;64;20/18/15;3;3329,36;Obmedzená prevádzka
HYT-2292;Mliekareň Zvolen s.r.o.;Potravinárstvo;Banskobystrický;Chladiaci okruh oleja;FLUIDMAX;FL-NG-47B;07.02.2019;06.02.2021;14315;16;104;5.6;24.09.2025;Preventívna prehliadka;70;18/16/13;0;247,25;V prevádzke
HYT-2293;Hydinárne Východ a.s.;Potravinárstvo;Prešovský;Filtračná stanica;HYDROMET;HY-PP-71F;03.10.2019;02.10.2021;10981;10;336;5.4;18.07.2026;Preventívna prehliadka;49;nemerané;1;453,06;V prevádzke
HYT-2294;KOVO Press Slovakia a.s.;Automotive;Trenčiansky;Chladiaci okruh oleja;FLUIDMAX;FL-NG-46A;03.08.2017;02.08.2020;23748;16;364;43.6;06.08.2025;Preventívna prehliadka;69;19/17/14;0;643,04;V prevádzke
HYT-2295;TechnoMach Prievidza s.r.o.;Strojárstvo;Trenčiansky;Chladiaci okruh oleja;AXIOMA;AX-GP-97G;02.08.2021;02.08.2023;7552;10;125;34.3;09.09.2025;Preventívna prehliadka;35;nemerané;0;710,61;V prevádzke
HYT-2296;Mobis Parts SK s.r.o.;Automotive;Žilinský;Pneumatický ovládací panel;FLUIDMAX;FL-PC-59G;25.05.2025;24.05.2028;2425;7;1368;17.3;10.07.2025;Výmena filtračnej vložky;;20/18/15;1;1295,56;V prevádzke
HYT-2297;Teplárne Stred a.s.;Energetika;Banskobystrický;Hydraulický agregát lisu;AXIOMA;AX-AT-69F;11.06.2019;10.06.2023;12434;160;159;19.8;12.05.2025;Uvedenie do prevádzky;52;17/15/12;0;0,00;V prevádzke
HYT-2298;Recykling SK s.r.o.;Ostatné;Košický;Čerpadlová jednotka;HYDROMET;HY-CH-55G;20.03.2016;20.03.2019;22534;160;101;74.6;06.09.2025;Preventívna prehliadka;49;nemerané;0;356,37;Odstavené
HYT-2299;Bioplyn Juh s.r.o.;Energetika;Nitriansky;Hydraulický zdvíhací stôl;FLUIDMAX;FL-PC-13C;09.06.2018;08.06.2020;20270;315;95;59.9;24.04.2026;Preventívna prehliadka;77;nemerané;1;2072,41;V prevádzke
HYT-2300;Plastika Nitra s.r.o.;Ostatné;Nitriansky;Hydraulický agregát píly;AXIOMA;AX-PC-24B;20.02.2018;19.02.2021;10427;210;68;5.5;10.05.2026;Havarijná oprava;71;22/20/17;2;2573,66;Obmedzená prevádzka
